<odoo>
    <data noupdate="0">

        <record id="cat_macbook" model="booking.equipment.category">
            <field name="name">MacBook Air M2 (13")</field>
            <field name="description">Chip M2, 8GB RAM, 256GB SSD. Color Gris Espacial. Incluye cargador MagSafe.</field>
            <field name="location">Armario Seguridad - Estantería A</field>
            <field name="image" type="base64" file="addons/reserva_equipos/demo/images/macbook.jpg"/>
        </record>

        <record id="eq_mac_01" model="booking.equipment">
            <field name="name">MAC-M2-001</field>
            <field name="category_id" ref="cat_macbook"/>
            <field name="state">available</field>
            <field name="quantity">1</field>
        </record>
        <record id="eq_mac_02" model="booking.equipment">
            <field name="name">MAC-M2-002</field>
            <field name="category_id" ref="cat_macbook"/>
            <field name="state">available</field>
            <field name="quantity">1</field>
        </record>
        <record id="eq_mac_03" model="booking.equipment">
            <field name="name">MAC-M2-003</field>
            <field name="category_id" ref="cat_macbook"/>
            <field name="state">maintenance</field>
            <field name="description">Limpieza de teclado y pantalla.</field>
            <field name="location">Taller TI</field> <field name="quantity">1</field> 
        </record>
        <record id="eq_mac_04" model="booking.equipment">
            <field name="name">MAC-M2-004</field>
            <field name="category_id" ref="cat_macbook"/>
            <field name="state">available</field>
            <field name="quantity">1</field>
        </record>


        <record id="cat_lenovo" model="booking.equipment.category">
            <field name="name">Lenovo ThinkPad E14</field>
            <field name="description">Windows 11 Pro, Intel i5. Resistente a golpes.</field>
            <field name="location">Carrito de Portátiles 1</field>
            <field name="image" type="base64" file="addons/reserva_equipos/demo/images/lenovo.png"/>
        </record>

        <record id="eq_lenovo_01" model="booking.equipment">
            <field name="name">LNV-TP-01</field>
            <field name="category_id" ref="cat_lenovo"/>
            <field name="state">available</field>
            <field name="quantity">1</field>
        </record>
        <record id="eq_lenovo_02" model="booking.equipment">
            <field name="name">LNV-TP-02</field>
            <field name="category_id" ref="cat_lenovo"/>
            <field name="state">broken</field>
            <field name="description">Pantalla rota por caída.</field>
            <field name="quantity">1</field>
        </record>
        <record id="eq_lenovo_03" model="booking.equipment">
            <field name="name">LNV-TP-03</field>
            <field name="category_id" ref="cat_lenovo"/>
            <field name="state">available</field>
            <field name="quantity">1</field>
        </record>
        <record id="eq_lenovo_04" model="booking.equipment">
            <field name="name">LNV-TP-04</field>
            <field name="category_id" ref="cat_lenovo"/>
            <field name="state">available</field>
            <field name="quantity">1</field>
        </record>
        <record id="eq_lenovo_05" model="booking.equipment">
            <field name="name">LNV-TP-05</field>
            <field name="category_id" ref="cat_lenovo"/>
            <field name="state">maintenance</field>
            <field name="quantity">1</field>
        </record>


        <record id="cat_projector" model="booking.equipment.category">
            <field name="name">Proyector Epson CO-W01</field>
            <field name="description">3000 Lúmenes, HDMI.</field>
            <field name="location">Sala Audiovisual</field>
            <field name="image" type="base64" file="addons/reserva_equipos/demo/images/proyector.jpg"/>
        </record>

        <record id="eq_proy_01" model="booking.equipment">
            <field name="name">PROY-EPS-01</field>
            <field name="category_id" ref="cat_projector"/>
            <field name="state">available</field>
            <field name="quantity">1</field>
        </record>
        <record id="eq_proy_02" model="booking.equipment">
            <field name="name">PROY-EPS-02</field>
            <field name="category_id" ref="cat_projector"/>
            <field name="state">available</field>
            <field name="quantity">1</field>
        </record>


        <record id="cat_speaker" model="booking.equipment.category">
            <field name="name">Altavoz JBL Charge 5</field>
            <field name="description">Bluetooth, batería 20h. Color Rojo.</field>
            <field name="location">Estantería B (Cajas pequeñas)</field>
            <field name="image" type="base64" file="addons/reserva_equipos/demo/images/altavoz.png"/>
        </record>

        <record id="eq_spk_01" model="booking.equipment">
            <field name="name">JBL-01</field>
            <field name="category_id" ref="cat_speaker"/>
            <field name="state">available</field>
            <field name="quantity">1</field>
        </record>
        <record id="eq_spk_02" model="booking.equipment">
            <field name="name">JBL-02</field>
            <field name="category_id" ref="cat_speaker"/>
            <field name="state">available</field>
            <field name="quantity">1</field>
        </record>
        <record id="eq_spk_03" model="booking.equipment">
            <field name="name">JBL-03</field>
            <field name="category_id" ref="cat_speaker"/>
            <field name="state">available</field>
            <field name="quantity">1</field>
        </record>

    </data>
</odoo>