<odoo>
    <data>
        <record model="ir.module.category" id="module_category_booking">
            <field name="name">Gestión de Equipos</field>
            <field name="description">Ayuda a gestionar las reservas de inventario.</field>
            <field name="sequence">10</field>
        </record>

        <record id="group_booking_manager" model="res.groups">
            <field name="name">Administrador</field>
            <field name="category_id" ref="module_category_booking"/>
            <field name="users" eval="[(4, ref('base.user_root')), (4, ref('base.user_admin'))]"/>
        </record>
    </data>
</odoo>